<?xml version="1.0" encoding="UTF-8"?>
<beans xmlns="http://www.springframework.org/schema/beans"
	xmlns:xsi="http://www.w3.org/2001/XMLSchema-instance"
	xsi:schemaLocation="http://www.springframework.org/schema/beans http://www.springframework.org/schema/beans/spring-beans.xsd">
	
	<!--sqlSessionFactory를 만듦  -->
	<!--sqlSessionFactory는 mybatis꺼임  -->
	<!--jdbc.xml에서 생성한 dataSource를 사용   -->
	<bean id="sqlSessionFactory" class="org.mybatis.spring.SqlSessionFactoryBean">
		<property name="dataSource" ref="dataSource"/>
		<property name="mapperLocations">
			<list><value>classpath*:com/kosta/board/sql/*.xml</value></list>
		</property>
		<property name="configLocation" value="/config/mybatis-alias.xml"></property>
	</bean>
	
	<!--sqlSessionTemplate를 만듦으로 openSession 안해도 됨  -->
	<bean id="sqlSession" class="org.mybatis.spring.SqlSessionTemplate">
		<constructor-arg index="0" ref="sqlSessionFactory"/>
	</bean>

</beans>
