<?xml version="1.0" encoding="UTF-8"?>
<!DOCTYPE mapper PUBLIC "-//mybatis.org//DTD mapper 3.0//EN"
	"http://mybatis.org/dtd/mybatis-3-mapper.dtd">

<mapper namespace="mapper.member">
	<insert id="insertMember" parameterType="member">
		<![CDATA[
			insert into member (id,name,password,email,address,nickname,profile_image)
				values (#{id},#{name},#{password},#{email},#{address},#{nickname},#{profile_image})
		]]>
	</insert>
	
	<select id="selectMember" parameterType="String" resultType="member">
		<![CDATA[
			select * from member where id=#{id}
		]]>
	</select>
	
	<update id="updateMember" parameterType="member">
		update member 
		<set>
			<if test="name != null">name=#{name},</if>
			<if test="password != null">password=#{password},</if>
			<if test="email != null">email=#{email},</if>
			<if test="address != null">address=#{address},</if>
			<if test="nickname != null">nickname=#{nickname},</if>
			<if test="profile_image != null">profile_image=#{profile_image}</if>
		</set>
     	where id=#{id}
	</update>
	
</mapper>