<?xml version="1.0" encoding="UTF-8"?>
<!DOCTYPE mapper PUBLIC "-//mybatis.org//DTD mapper 3.0//EN"
	"http://mybatis.org/dtd/mybatis-3-mapper.dtd">
	
<mapper namespace="mapper.account">
	<insert id="insertAccount" parameterType="account">
		<![CDATA[
			insert account (id,name,balance,type,grade) 
				values (#{id},#{name},#{balance},#{type},#{grade})
		]]>
	</insert>

	<select id="selectAccount" parameterType="String" resultType="account">
		<![CDATA[
			select * from account where id=#{id}
		]]>
	</select>
	
	<update id="updateBalance" parameterType="account">
		<![CDATA[
			update account set balance=#{balance} where id=#{id}
		]]>
	</update>
	
	<select id="selectAllAccount" resultType="account">
		<![CDATA[
			select * from account
		]]>
	</select>
</mapper>	