<?xml version="1.0" encoding="UTF-8"?>
<beans:beans xmlns="http://www.springframework.org/schema/mvc"
	xmlns:xsi="http://www.w3.org/2001/XMLSchema-instance"
	xmlns:tx="http://www.springframework.org/schema/tx"
	xmlns:beans="http://www.springframework.org/schema/beans"
	xmlns:context="http://www.springframework.org/schema/context"
	xsi:schemaLocation="http://www.springframework.org/schema/mvc https://www.springframework.org/schema/mvc/spring-mvc.xsd
		http://www.springframework.org/schema/beans https://www.springframework.org/schema/beans/spring-beans.xsd
		http://www.springframework.org/schema/context https://www.springframework.org/schema/context/spring-context.xsd
		http://www.springframework.org/schema/tx http://www.springframework.org/schema/tx/spring-tx-3.0.xsd">
		
	<!-- Enables the Spring MVC @Controller programming model -->
	<annotation-driven/>
	<resources mapping="/resources/**" location="/resources/" />
	
	<beans:bean class="org.springframework.web.servlet.view.InternalResourceViewResolver">
		<beans:property name="prefix" value="/WEB-INF/views/"/>
		<beans:property name="suffix" value=".jsp"/>
	</beans:bean>
	
	<context:component-scan base-package="com.kosta.bank"/>
	
	<beans:bean id="accountDao" class="com.kosta.bank.dao.AccountDaoImpl">
		<beans:constructor-arg index="0" ref="sqlSession"/>
	</beans:bean>
	
	<beans:bean id="memberDao" class="com.kosta.bank.dao.MemberDaoImpl">
		<beans:property name="sqlSession" ref="sqlSession"/>
	</beans:bean>
	
	<beans:bean id="accountService" class="com.kosta.bank.service.AccountServiceImpl">
		<beans:constructor-arg ref="accountDao"/>
	</beans:bean>
	
	<beans:bean id="memberService" class="com.kosta.bank.service.MemberServiceImpl">
		<beans:constructor-arg ref="memberDao"/>
	</beans:bean>
</beans:beans>