<?xml version="1.0" encoding="UTF-8"?>
<!-- dtd설정 -->
<!DOCTYPE mapper PUBLIC "-//mybatis.org//DTD mapper 3.0//EN" 
	"http://mybatis.org/dtd/mybatis-3-mapper.dtd">
	
	
<mapper namespace="mapper.cart">
	<select id="selectCart" parameterType="Integer" resultType="cart">
		select * from cart where num = #{num}
	</select>
	

	<select id="selectCartOrderAllList" parameterType="list" resultType="cart">
	
		select * from cart where num in
			<foreach collection="list" item="item" open="(" separator="," close=")">
			#{item}
			</foreach> 
	</select>
	
	<insert id="insertAddCart" parameterType="cart" useGeneratedKeys="true" keyProperty="num">
		insert into cart(userid,gCode,gName,gPrice,gSize,gColor,gAmount,gImage) 
						values (#{userid},#{gCode},#{gName},#{gPrice},#{gSize},#{gColor},#{gAmount},#{gImage})
	</insert>
	
	<select id="selectCartList" parameterType="String" resultType="cart">
		select * from cart where userid = #{userid}
	</select>
	
	<delete id="deleteMultiCart" parameterType="list">
		delete from cart where num in
			<foreach collection="list" item="item" open="(" separator="," close=")">
			#{item}
			</foreach>	
	</delete>
	
	<!-- 카트에서 삭제 -->
	<delete id="deleteOneCart" parameterType = "Integer">
		delete from cart where num = #{num}
	</delete>
	
	
	<update id="updateGAmount" parameterType="map">
		update cart set gAmount= #{gAmount} where num=#{num}
	</update>
	
	<!--카트에서 주문  -->
	<insert id="insertOrder" parameterType="gorder" useGeneratedKeys="true" keyProperty="num">
		insert into gorder (gAmount,gCode,gColor,gImage,gName,gPrice,gSize,orderinfo_num,userid)
		values(#{gAmount},#{gCode},#{gColor},#{gImage},#{gName},#{gPrice},#{gSize},#{orderinfo_num},#{userid})
		
	</insert>
	
	<insert id="insertOrderInfo" parameterType="orderinfo" useGeneratedKeys="true" keyProperty="num">
		insert into orderinfo(userid,orderName,addr1,addr2,post,phone,payMethod,orderDay)
		values(#{userid},#{orderName},#{addr1},#{addr2},#{post},#{phone},#{payMethod},curdate())
	</insert>
	
</mapper>	 
